osm_node,node_pair_id,track_node,notes
node/1003344785,NDI1OTE3OTI4MDMxMTY4MDIyMw==,7445e14e-aa1f-4c10-9b46-c07c7fd6f843,SAO/1
node/1003344788,NDI1OTE3OTI3ODUzMjQ0ODgwOTI=,53c76730-7f61-4e8f-a727-91c92e8e9a63,SAI/0
node/1003344792,NTMyNDQ4ODA5MzQyNTkxNzkyNzk=,60e5d8fb-bfac-44b8-8db1-1c96fa6fe966,SAI/1
node/1003344801,MzExNjgwMjIzNDI1OTE3OTI4MQ==,5da1fd82-0358-490b-9404-a831668ee007,SAO/0
node/1014221008,MzExNjgwMjE0Nzc1NDQwNDM0,d78d9072-d538-486a-bb31-7643298e31aa,TSO/0
node/1014221011,NDI0OTI4Mjc0MDMxMTY4MDIxNA==,91ac61ca-5a15-459f-8e73-49e030d1f394,TSO/1
node/1014221012,NDI0OTI4MjYxMzUzMjQ1MjUyNjg=,7530206f-8fa5-43b0-ba69-af95b9d224f9,TSI/0
node/1014221014,NTMyNDUyNTI2ODQyNDkyODI2NTg=,de632b8f-fe2c-46af-b269-75c2529f3bcd,TSI/1
node/1014224816,NTMyNDUxOTY2MzExNzg3MjI1MDQ1,bd1d0e94-2e53-46de-b131-ce5ca1454541,NWI/1
node/1014224818,NjY5NjY1NzA3ODExNzg3MjI1MDQ0,7c628847-ef69-4698-baaf-1f6dbdf0c7aa,NWO/1
node/1014224820,NDI0OTI4MjkwOTExNzg3MjI1MDQ2,03e873ae-c8cc-41cd-8980-c21a07e43109,NWI/0
node/1014224825,MTE3ODcyMjUwNDM0MjQ5MjgyODQy,f5fa7d3e-f102-4ffe-ae91-bae9fe6a3400,NWO/0
node/1014228107,NDMyMDI3MDY2MzExNjgwMjEx,d89295c8-b644-45d4-9e22-e9b96ccf2f98,EDO/1
node/1014228109,NTMyNDU0NTQxMTQyNTkxMjY1OTc=,666b996c-0314-4bff-a3c4-1f7e1e668363,EDI/1
node/1014228126,MzExNjgwMjExMjU3NTExMTY=,a0af25d1-3800-4141-98af-f22f00744e54,EDO/0
node/1014228147,NDI1OTEyNjU5ODUzMjQ1NDU0MTE=,edc37fed-4221-4019-9c17-d1452d4451ae,EDI/0
node/1014228658,NDI1OTEyNjY0MzUzMjQ1NTEwMjc=,31246103-14c6-4bc1-857e-fe1552111896,ROI/0
node/1014228666,NTMyNDU1MTAyNzQyNTkxMjY2NDI=,5e31cf82-269d-4e61-80b8-75b72cf27181,ROI/1
node/1014230395,MTA4MjUxMDg0MDIxMDgyNTEwODM5Nw==,2ff36820-0c81-4e30-b87e-b844ce902d5a,MTI/0
node/1014230405,NDI1OTEyNjY2OTUzMjQ1Njg2Nzc=,d6639686-91d9-4e20-9d57-fe702896e119,PTI/0
node/1014230407,MTA4MjUxMDgzOTYxMDgyNTEwODM5NA==,fb554a4b-8fc9-4021-8799-2e8c2496fa8c,MTI/1
node/1014230408,NTMyNDU2ODY3NzUxNTM1MjgyMjU=,47bf97b5-6519-49b0-853a-a637afeaa945,PTI/1
node/1014232550,NTMyNDU4MTEyODQyNTkxMjY5OTg=,ceb90db1-954c-447a-b230-c5074f7bc1ab,JYI/1
node/1014232556,NDI1OTEyNjk5OTUzMjQ1ODExMjg=,6ee794c9-cda6-4288-8465-5d1d353ff43d,JYI/0
node/1014232572,NTMyNDU4MTEyNzY2MTkzNzYyMw==,28523f2b-9eaf-4f7f-86b5-a84987087519,JYO/0
node/1014232574,MjU3NTEwODgxNjcxNDY4OTI2,3cee0d39-6393-4078-a26a-1d8742de76a3,NAO/0
node/1014232577,MjU3NTExMDQyNzIwMjUwNzk4,c49ef8dc-cbef-4ea6-846b-5e5e4b3e25e9,NAO/1
node/1014232585,NDI1OTEyNzAyNjUzMjQ1OTA1Mjc=,3f944fa8-222b-441c-a9dc-eaf953be2643,NAI/0
node/1014232591,NTMyNDU5MDUyNzQyNTkxMjcwMjU=,fca36c29-0a30-4d1b-99cc-c27381cb8870,NAI/1
node/1014232593,MzA2NjI0NzM0NzUzMjQ1ODExMjc=,03c7ba10-d62b-4351-8984-0d8b49365900,JYO/1
node/1014235603,Mzk1NTk1OTgwNDc1Njk0NDUwMjQ=,c653e007-3ede-4c55-8804-d306e880283f,STO/0
node/1014235603,OTI5NzQ2NDcwNjc1Njk0NDUwMjU=,e3a4688b-af00-47a1-8326-617120e6bc5e,STS/0
node/1014235606,Mzk1NTk1OTgwNTc1Njk0NDYyNTI=,2cd5e7a0-c4e0-47c6-9354-683205e96f73,STI/1
node/1014235608,NzU2OTQ0NTAyNjM5NTU5NTk4MDU=,e49334a6-1f48-47b9-ac46-4544644ef6b4,STI/0
node/1014238204,MjUzMjU4NDEyMzgyOTE5NTU1,716fd84c-ee5d-4806-a2ec-22e4c857b207,REI/1
node/1014238205,NDI1OTY2MjkwOTUzMjQ2MjE5OTQ=,fd50fd8a-bf3a-494c-b01b-4b4ea0f03863,VCO/1
node/1014238208,NDI1OTY2MjkwNjI1MzI1ODM3,1ef6c501-5832-4e16-861d-e8de71107ed1,VCI/0
node/1014238210,MTA3MDE3NDU2ODM5MzY0MzI4MA==,072c0e76-1e5f-4c62-9772-268ca5b7f032,RUI/0
node/1014238223,MjM4MjkxOTU1NDI1MzI1ODQx,5a01ecd6-3833-472b-8649-ae280290cd9f,REI/0
node/1014238228,NTMyNDYyMTk5NDY1OTU3NTU4MzU=,a0a4d4fb-7fb8-41dd-9c12-b506d9bbdef2,VCO/0
node/1014238230,NTMyNDczMDI1ODQyNTk2NjI5NzQ=,bfbc96ed-66f3-46d9-8034-b8f81d0d202a,RUO/0
node/1014238232,MzkzNjQzMjgwNzkwNjI4OTc4,ae4ae4af-22f7-4b49-bed2-9c2f35ac4809,RUI/1
node/1014238235,NDI1OTY2Mjk1OTUzMjQ3MzQ1MTY=,8051ddb4-40ff-4bea-b3ae-dfc2ef17e60b,REO/1
node/1014238238,NTMyNDczNDUxNjQyNTk2NjI5NTg=,acafced7-089f-4d9f-b76b-6fa70a4482c3,REO/0
node/1014238239,MjUzMjU4MzcyMzgyOTE5NDMy,7b1ca04a-e48d-431b-ab14-0c91d737806a,VCI/1
node/1014238241,NDI1OTY2Mjk3NTUzMjQ3MzAyNTg=,dea3172c-981e-4337-921a-de27715b7f4c,RUO/1
node/1014239543,NDI1OTY2MzAzNjUzMjQ3MjIwMzg=,41b75fbf-2ce9-4689-b1f4-fe8801983f11,BRO/1
node/1014239557,NTMyNDcyMjAzNzU5ODQ2MjgwOTE=,4ff7be33-2c11-48f9-b3d6-6c8709ca3785,BRI/1
node/1014239564,NDI1OTY2Mjg4NDQyNTk2NjI4ODM=,bd98dcfb-d86a-477e-baa7-75c7005dbf00,GMI/1
node/1014239567,NDI1OTY2MzAxMTU5ODQ2NTU0NDQ=,05e9b638-5882-45ad-a1f6-5c6a358047b5,GMO/0
node/1014239568,NTMyNDcyMjAzODU5ODQ2MjgwOTI=,ea4378b2-d8c1-4123-bd6f-90beb4454eb8,BRO/0
node/1014239578,NDI1OTY2Mjg4NTQyNTk2NjI4ODQ=,3a5b1a8f-be8b-4adc-858e-17999103d024,GMI/0
node/1014239582,NDI1OTY2Mjg3MjUzMjQ3MjIwMzc=,5471ab0e-ce80-4c59-a95f-2f11df4454fc,BRI/0
node/1014239586,NDI1OTY2MzAxMjQyNTk2NjMwMTE=,2a1abdfd-e931-4ac6-a312-fe17e17886ee,GMO/1
node/1014240119,MjUwMzgxNTU2NDI1OTY2Mjg0NQ==,70d8f953-88e8-49b8-8eed-6f95cb54a37a,HOI/1
node/1014240126,NDI1OTY2MzA2NDUzMjQ3MTk5ODE=,c89d64d6-0939-4fed-826d-99feb3668b25,HOO/1
node/1014240127,NDI1OTY2Mjg0NjI1MDM4MTU1Ng==,63e7a61a-0c46-4514-81b5-393afb69b2d1,HOI/0
node/1014240128,NTMyNDcxOTk4MTQyNTk2NjMwNjM=,9e186684-e2b1-4d65-a805-3ec0f57fb4a0,HOO/0
node/1014241389,MjUwMzgwMTExNzkwNjI4OTUw,cd3b5a15-28b7-46aa-b83a-acf9f4c121a1,PWO/0
node/1014241395,NTMyNDY4OTUzMTQyNTk2NjMxMTM=,92330834-46fc-4d2b-a53d-e1fb786b33f8,LCO/0
node/1014241397,MzgzMDE4NzQ1NTM4MzAxODc0NDA=,95bc00d6-5e98-4425-953f-f6ab2e45b123,PWI/0
node/1014241398,NDI1OTY2MzExNTUzMjQ2ODk1MzE=,c0fe5d0c-d5ab-4d16-8519-dbcfab19f9c6,LCO/1
node/1014241399,MjUwMzc5NjAxNDI1OTY2MzA4OQ==,fbaaf035-0579-4eb7-8d53-8988b4a8c2dd,SPO/0
node/1014241400,NDI1OTY2MjY4MjI1MDM3OTM2Mw==,140b1112-397d-4f71-8afd-16408f7463cb,LCI/0
node/1014241401,MzgzMDE4NzQyMTI1MDM4MDExMQ==,fb905c48-cc5b-4568-9a5d-b87567213641,PWO/1
node/1014241402,NDI1OTY2MzA5MDI1MDM3OTYwMQ==,4f27a1c7-89dd-4eda-9296-0e3586a82105,SPO/1
node/1014241404,MjUwMzc5MzYzNDI1OTY2MjY4MA==,2420b3d6-5059-466b-8e3a-8210bdaeb73a,LCI/1
node/1014241406,MzgzMDE4NzQ0MDM4MzAxODc0MDM=,73e6a9b0-188e-442d-872b-12be3ed380cd,PWI/1
node/1014242189,MTUwNTQ0MzgyNzcwNTMxNjkyNjM=,319efb91-04e8-47b5-9092-7d2d372ed56e,BDO/0
node/1014242194,NDI1OTE3OTUxNDUzMjQ2Njc4NzA=,eee86ec9-bf66-49ea-815a-0fe894a80f7d,BDI/0
node/1014242201,NjYxOTE0NDI0NzA1MzE0NDIzMQ==,9fcb3464-9c35-41e0-a520-ba2559638bc8,BDO/1
node/1014242202,NzA1MzE0NDIzMDQyNTkxNzk1MTM=,212406c2-84f1-4a11-b39a-de02bde6b5f8,BDI/1
node/1014246045,NjUxNzkyODMxODY1MDc0NTI4ODA=,dd91b247-ba4a-455a-b182-5635a5777f35,GWO/0
node/1014246049,NDI0OTI4MjcwNTY1MTc5MjgzMTg=,ea7e2302-e168-4198-adbe-d575cfc8d42f,GWO/1
node/1014246061,NDI0OTI4Mjc5NjUzMjQ0MTU2MDU=,7d4aea48-914e-460c-bb54-5e15bd2772de,SCI/0
node/1014246065,NTMyNDQxNTYwNTQyNDkyODI5MDA=,12dc9dc8-a223-4b72-822e-1ce0b632bf15,SCI/1
node/1014250162,MzgzMTcyNjcwMTM4MzI1MDA5NjA=,17c01cbe-0819-4af0-afcc-1fdfed0070bd,WFO/1
node/1030282805,ODU3MzIyMDUzNDU1OTU2NjAxMDc=,c901e958-de13-438a-82b3-b33f86eb4bb1,M3/0
node/1930051239,MTM5NDI5MTc3OTI1MDM4MDQ4OA==,40240fda-94f9-4e93-b250-9eba24d2d74a,LHO/1
node/1930051271,Mzk1NjA0MDE3MDg5NjM5ODA2NDA=,8ea5f668-16da-4ce5-a2f0-85cb9aa3db9e,LHI/1
node/1930051274,NDYzNjkyNDU1MDM4MzAxODgzNjM=,196c058e-8b7e-44ef-891f-1760e21668d2,LHI/0
node/1930051277,MjUwMzgwNDg4NTMyNDY4MDk2NQ==,1a1b52c4-2c97-4da6-9a8b-55464160b82c,LHO/0
node/2188770992,Mzk1NTk1OTgwNzM4MzE3MjY2OTE=,bbeddd34-25b4-4375-9882-a6734aac5182,WFO/0
node/3830176099,MzgzMDE3MTEwMDkyOTc0NjQ3MDY=,4a3902a1-6cac-4fee-96f7-1f7f1790ab50,STS/1
node/3830176099,MzgzMDE3MTEwNDM4MzAxNzYwODU=,18e8ae0f-eabb-4278-9fdd-71c37588c7ee,STO/1
node/5180969777,NDI0OTI4MjY4NTUzMjQ0NTMzNTE=,626178b9-f0e8-4761-837f-d15ddcac8b47,SRO/1
node/5180969778,NTMyNDQ1MzM1MTUxODA5Njk3Nzk=,6de2957f-0010-4fa3-be26-b8af9e96c685,SRO/0
node/5324471830,MjU3NTExMzIzMTE2ODAyMjE=,406e3f3d-3309-4858-ad93-9eed90fe57cc,COO/1
node/5324471833,MzExNjgwMjIxODU3MzIyMDU3OA==,4b8cd2cb-f6b8-45ef-9fd3-6ce2a092c024,COO/0
node/5324471834,NDI0OTI4MjYyMTUzMjQ0NzE4Mjg=,e689ca1d-202f-4191-9e5b-6f5313152b94,COI/0
node/5324471837,NTMyNDQ3MTgyODQyNDkyODI2OTQ=,221c8d8d-59c4-4bc7-9dab-b613fc1c53ef,COI/1
node/5324600049,OTQyNDk2NzgzMDk0MjQ5Njc4Mjk=,1d838d54-e309-46c1-a130-7f42c3a7caa5,TNI/0
node/5324600050,NTMyNDYwMDA1NDQyNTkxMjcwMTI=,67f03017-f250-446d-86f3-7ee8406d2b5a,TNI/1
node/5324600051,OTQyNDk2NzgyODk0MjQ5Njc4Mjc=,fb032c17-e6da-4d0b-85e2-7b6ff5902d7f,TNO/1
node/5324600052,OTQyNDk2NzgyNjk0MjQ5Njc4MjU=,dbb5bd87-dc1c-4ccd-ac53-0d915c41f8a0,TNO/0
node/5324626646,ODU3MzIyMDU4MzUzMjQ2MjY2NTE=,b3736152-2b40-42bf-9b02-355a205567e4,MNI/0
node/5324626647,NTMyNDYyNjY1MTQyNTkxMjcyMjA=,f99d7c28-1a9d-426f-bfbb-cc83185df649,MNI/1
node/5324626648,ODIyNzcyODc3NzUzMjQ2MjY2NTA=,7cc39742-d1e7-424b-8d47-02b4a1fd7d1b,MNO/1
node/5324626649,NTMyNDYyNjY1MDg1NzMyMjA1ODI=,7e6c297e-f497-489c-81d7-039ecd35d6ef,MNO/0
node/5324635043,NTMyODM4OTIxNTUzMjgzOTc0MjU=,616a946a-65f0-47d5-bc3c-cf9ccda5fb0a,GVO/1
node/5324635044,NTMyODM5NzQyNTUzMjgzOTc0MzE=,ead52212-0eb5-43fc-82da-eca6f1d6f947,GVO/0
node/5324674601,ODk2Mzk4MDYzOTUzMjQ2NzQ2MDU=,ca9ddf1c-a085-4219-a1e3-ea627ed899fc,LHS/1
node/5324674604,NDYzNjkyNDUzNTQ2MzY5MjQ1MzQ=,1fe945f6-8bb5-421f-a28c-998989bee0be,LHS/0
node/5984600592,NDI1OTY2MjgxMjUzMjQ3MTY3MjQ=,1794e31b-6e3b-45c1-ac02-c4151d6499c7,SPI/0
node/5984600593,NTMyNDcxNjcyNDQyNTk2NjI4MTE=,0ce8341b-8cb4-441d-b7c9-e9e765273146,SPI/1
node/7081700849,Njc2NTAxNzU5NDI4NzEyNzE1MTY=,9b4264ea-129f-4dc9-89d9-b480bafec828,MCI/0
node/7081700850,NTMyNjU5MDg3NTY3NjUwMTc1OTI=,9b7741cf-376b-4430-add6-b820fa19c871,MCO/0
node/7081700851,NTUyMzk0NDc2MzUzMjY2MDUzOTY=,61f5e3a0-cc17-41b3-8d4e-2405d32cd43c,MCO/1
node/7081700852,Mjg3MTI3MTUxNjI3ODQ0MDgyMjk=,de583c84-eb6e-4e9f-b749-455f79a238f2,MCI/1
node/7143285221,NDg2MTEyOTk4MDUzMjQ3NDIyMDY=,b70d09f1-7936-4d24-8515-5b3c68b85f62,CCO/1
node/7143285222,NDg2MTEyOTk3OTg1NzY1MjA1MDk=,a5b0a2ed-1f65-4a15-ba8e-733f8d3b8d57,CCO/0
node/7143285223,Mjc4NDQwODMxNTQwMjQwOTM2Nzc=,b7b97915-f187-4b13-b2de-180e7a78769d,CCI/1
node/7143285224,ODU3NjUyMDUwODI3ODQ0MDgzMTU=,eefd0178-b8db-40a4-a4ca-382dcf9560c9,CCI/0
node/7282825889,NjUxNzkyODMxOTQyNDkyODI3MjI=,04268435-c962-497b-99fc-b8aa1688c040,GWI/1
node/7282825890,NDI0OTI4Mjc0NDY1MTc5MjgzMTk=,36145890-fa17-42fa-872a-c9663bbdca5d,GWI/0
node/7282871226,NjU2ODc4Nzk2MjUzMjQ0NTMzNTI=,83e9782e-6ce4-47da-8960-af85e2b11373,SRI/0
node/7282871227,NTMyNDQ1MzM1MjQyNDkyODI3NTQ=,50fbb900-4449-4f44-8b0f-52d8c3194757,SRI/1
node/7317528046,MzgzMTcyNjcwNDM5NTU5NTk4MDY=,b0509292-ce59-4489-a454-95469518d19c,WFI/0
node/7317528047,MzgzMjUwMDk2MTM4MzI0ODYyNDI=,d590beca-70fe-4acf-bb5b-b45a768ca0de,WFI/1
node/7317551160,MjUzNjgzMjg0MjUzNjgzMjgz,685976ac-25d4-41aa-8048-fe86635d8c5f,SCO/0
node/7317551161,NDI0OTI4MjY0NDI1MzY4MzI4NA==,f7fff3cc-d0b4-466e-b3ef-78e970eb568d,SCO/1
node/7317611944,NTE1MzUyODIyNjI1NzUxMDcy,b147900c-f5d6-4fa8-8f89-682373cd3108,PTO/1
node/7317611945,MjU3NTEwNzI1MTUzNTU0MDIz,615df93c-23a3-455b-ab58-fe9591add904,PTO/0
node/7317611946,MTA4MjUxMDgzOTUxMDgyNTEwODM5OQ==,6fb86aee-cbd4-4184-83dc-3f1fba499dbc,MTO/1
node/7317611947,MTA4MjUxMDgzOTgzMTgwOTc5NjU4,98436c63-54be-4d4c-a850-5f4a910ee577,MTO/0
node/7317611948,MTAxNDIyODY1OTMxMTY3NzY2MQ==,7ebe6d90-ca04-4c31-8ae3-c2e14c3be910,ROO/1
node/7317611949,MzExNjc3NjYxMjU3NTExMDM=,381235c5-a93c-458b-bfcd-70c9a78ed9d9,ROO/0
node/8570047233,OTI5Nzc1NjYzMzUzMjY2MTMwMTg=,2e0d87bb-8fcc-4656-8d2a-e627f60e0ec7,LAO/1
node/8570047234,NTMyNjYxMzAxODY1OTU3ODI3NTc=,f47dd1ae-670d-424e-9f3c-0255ef895f56,LAO/0
node/8570047235,NTMyNjYxMzAwMjUzMjY2MTMwMTQ=,3cfd9b8c-b450-4863-a963-0ff67caf8c93,LNO/1
node/8570047236,NTMyNjYxMzAwMTUzMjY2MTMwMDA=,2b920a60-b48b-4654-ac9d-c7edb4db7273,LNO/0
node/8570047237,Mjc4NDQwODMzNTI3ODQ0MDgzMzc=,d2fbfb4d-ae1f-4f46-ba44-c12e556ff76f,LNI/1
node/8570047238,Mjc4NDQwODMzMzI3ODQ0MDgzMzU=,626288f5-982a-4816-9388-c5161dfc078c,LNI/0
node/8570047239,NTMyNjU5MTQyMTU5ODQyNzA1MDg=,f2de3c05-55ae-4019-b35e-0e64fb18f4b8,BQO/1
node/8570047240,NDg2MTE1MjQ2MjQ4NjExNTI0NjM=,56f35493-e80b-4c79-b2fa-27935887495d,BQO/0
node/8570047241,NDU0MjQ5MTI5NTI0MjYwMDA1NTc=,bfbca24c-c680-436e-b7d6-5eef5a9cee83,BQI/1
node/8570047242,MjQyNjAwMDU1ODQ1NDI0OTEyOTU=,6cdf5ff4-68d1-4e1c-b2fa-f0c1f4f33596,BQI/0
node/8572703839,ODU3MjcwMzgzNTUzMjgzOTc0MzM=,be2329d5-7b72-4bae-b25f-3d0d2eaa32bb,BUO/0
node/8572703840,NTMyODM5NzQyNTUzMjgzOTc0MzE=,a4f28de1-5db0-4d7b-86c8-34a62965b61c,BUO/1
node/8572703843,NzA4MzExOTIyNDI3MjAxMjYxNzY=,98fcdab3-99d9-4e43-a8a0-abac0f150572,BUI/0
node/8572703844,ODU3MjcwMzgzNDExMTg2MjMxNjI3,e6039f5e-c160-486c-9d27-5bdb1d843e27,BUI/1
node/8572703847,MTExODYyMzE2MjYyNzIwMTI2MTc5,42cdc878-ecad-4d1e-ba43-247807ec5c09,GVI/0
node/8572703848,MjcyMDEyNjE3OTQwODU4OTAyMDI=,05f87b91-1bbe-4b4e-8951-1cb58d00db75,GVI/1
node/8573220536,ODU3MzIyMDUzNTQ3OTI0MjEyNDY=,61ab67c0-00b3-4c46-9d0d-15eb4b599593,M2/0
node/8576520496,NDU0MjUwNzI2MzkyOTc3NTY2MzI=,7bcee45e-7346-4bb2-b41f-d3b532f17f7d,LAI/1
node/8576520497,NTMyNjYxMzAxNjQ1NDI1MDcyNjM=,0634502a-4537-4d87-8197-ff0511aa69e5,LAI/0
node/8576526341,NTMyNjU5MDg2NDUzMjY2MDU0MDE=,1c7f7471-bfbc-4694-b654-3255a4e0134e,ICO/1
node/8576526342,NTMyNjYwNTQwMTUzMjY1OTA4NjU=,658686f9-8637-49c6-bd92-50791a53b5fb,ICO/0
node/8576526343,NTk4NDI3NDE0ODI3ODQ0MDgyNzM=,520b9220-d1c6-48f0-af6f-0387cc9e6764,ICI/1
node/8576526344,Mjc4NDQwODI3MDQ1NDI1MDY4MzE=,0892fd47-6599-490c-80dd-39405b3c0ce4,ICI/0
node/986279614,Mzk1NjA0MDE2ODc3OTE4NzQwOTM=,6611a34b-4a5c-4497-8dba-f57efcf1c079,CMI/1
node/986279615,MTE4MDM5NjI2MTY2NDYwNzM2MjQ=,1ad1da4b-43fb-4310-aead-00af28c1b015,BWO/0
node/986279617,NDI1OTY2MjkyOTc3OTE4NzE5NzQ=,fb8736bd-1aa5-4411-aeb0-b8a28f489397,CMO/0
node/986279620,NzkwNjI4OTQ4Mzk1NjA0MDE2OA==,a7a36f30-eaf8-488a-89d3-6f4fb781bfc7,CMI/0
node/986279621,NDI1OTY2MjkzMDQyNTk2NjI5Mjk=,4b2c6dcd-93ee-4aec-8847-69e0b3fd8336,CMO/1
node/986279624,NDI1OTEyNzA3OTQyNTkxMjcwNzY=,bda33c16-92be-4d65-b4d2-0cc94e3aea0b,BWI/1
node/986279625,NDI1OTEyNzA3NzQyNTkxMjcwNzg=,7c4794b8-64ee-4b32-b70f-e0158b6dc201,BWO/1
node/986279627,MTE4MDM5NjI2MTU0MjU5MTI3MDc5,c8949727-1d99-44e0-bcbd-a09ccccd5eaa,BWI/0
node/988387471,NDI0OTI4MjYzNjI1MzY4MzI5OQ==,fa94aff5-41de-464e-803e-9181e8d6937f,KGO/1
node/988387487,NDI0OTI4MjgwMTUzMjQ0MzI3MjI=,500d8d18-07ca-487a-bba9-f901a45825d1,KGI/0
node/988387492,NTMyNDQzMjcyMjgyNTAwMTU0NTQ=,9114e9b4-f0a9-4002-b602-764b10de7dc2,KGI/1
node/988387510,MjUzNjgzMjk5NDI0OTI4Mjc5OQ==,5386fcb8-e5ea-4e17-a5ec-1b10d569ee0b,KGO/0
